<application>
  <component name="CodeFoldingSettings">
    <option name="COLLAPSE_IMPORTS" value="false" />
    <option name="COLLAPSE_FILE_HEADER" value="false" />
  </component>
  <component name="CodeInsightSettings">
    <option name="SHOW_EXTERNAL_ANNOTATIONS_INLINE" value="false" />
    <option name="AUTO_POPUP_PARAMETER_INFO" value="false" />
    <option name="AUTO_POPUP_COMPLETION_LOOKUP" value="false" />
    <option name="AUTOCOMPLETE_ON_CODE_COMPLETION" value="false" />
    <option name="AUTOCOMPLETE_ON_SMART_TYPE_COMPLETION" value="false" />
    <option name="SMART_INDENT_ON_ENTER" value="false" />
    <option name="INSERT_BRACE_ON_ENTER" value="false" />
    <option name="JAVADOC_STUB_ON_ENTER" value="false" />
    <option name="SURROUND_SELECTION_ON_QUOTE_TYPED" value="false" />
    <option name="AUTOINSERT_PAIR_BRACKET" value="false" />
    <option name="AUTOINSERT_PAIR_QUOTE" value="false" />
    <option name="REFORMAT_BLOCK_ON_RBRACE" value="false" />
    <option name="TAB_EXITS_BRACKETS_AND_QUOTES" value="false" />
  </component>
  <component name="JavaCodeFoldingSettings">
    <option name="collapseLambdas" value="false" />
    <option name="collapseOneLineMethods" value="false" />
  </component>
</application>